--
-- PostgreSQL database dump
--

-- Dumped from database version 14.6
-- Dumped by pg_dump version 14.6

-- Started on 2023-07-26 17:10:36 MSK

SET statement_timeout = 0;
SET lock_timeout = 0;
SET idle_in_transaction_session_timeout = 0;
SET client_encoding = 'UTF8';
SET standard_conforming_strings = on;
SELECT pg_catalog.set_config('search_path', '', false);
SET check_function_bodies = false;
SET xmloption = content;
SET client_min_messages = warning;
SET row_security = off;

SET default_tablespace = '';

SET default_table_access_method = heap;

--
-- TOC entry 216 (class 1259 OID 43297)
-- Name: auth_group; Type: TABLE; Schema: public; Owner: postgres
--

CREATE TABLE public.auth_group (
    id integer NOT NULL,
    name character varying(150) NOT NULL
);


ALTER TABLE public.auth_group OWNER TO postgres;

--
-- TOC entry 215 (class 1259 OID 43296)
-- Name: auth_group_id_seq; Type: SEQUENCE; Schema: public; Owner: postgres
--

ALTER TABLE public.auth_group ALTER COLUMN id ADD GENERATED BY DEFAULT AS IDENTITY (
    SEQUENCE NAME public.auth_group_id_seq
    START WITH 1
    INCREMENT BY 1
    NO MINVALUE
    NO MAXVALUE
    CACHE 1
);


--
-- TOC entry 218 (class 1259 OID 43305)
-- Name: auth_group_permissions; Type: TABLE; Schema: public; Owner: postgres
--

CREATE TABLE public.auth_group_permissions (
    id bigint NOT NULL,
    group_id integer NOT NULL,
    permission_id integer NOT NULL
);


ALTER TABLE public.auth_group_permissions OWNER TO postgres;

--
-- TOC entry 217 (class 1259 OID 43304)
-- Name: auth_group_permissions_id_seq; Type: SEQUENCE; Schema: public; Owner: postgres
--

ALTER TABLE public.auth_group_permissions ALTER COLUMN id ADD GENERATED BY DEFAULT AS IDENTITY (
    SEQUENCE NAME public.auth_group_permissions_id_seq
    START WITH 1
    INCREMENT BY 1
    NO MINVALUE
    NO MAXVALUE
    CACHE 1
);


--
-- TOC entry 214 (class 1259 OID 43291)
-- Name: auth_permission; Type: TABLE; Schema: public; Owner: postgres
--

CREATE TABLE public.auth_permission (
    id integer NOT NULL,
    name character varying(255) NOT NULL,
    content_type_id integer NOT NULL,
    codename character varying(100) NOT NULL
);


ALTER TABLE public.auth_permission OWNER TO postgres;

--
-- TOC entry 213 (class 1259 OID 43290)
-- Name: auth_permission_id_seq; Type: SEQUENCE; Schema: public; Owner: postgres
--

ALTER TABLE public.auth_permission ALTER COLUMN id ADD GENERATED BY DEFAULT AS IDENTITY (
    SEQUENCE NAME public.auth_permission_id_seq
    START WITH 1
    INCREMENT BY 1
    NO MINVALUE
    NO MAXVALUE
    CACHE 1
);


--
-- TOC entry 220 (class 1259 OID 43311)
-- Name: auth_user; Type: TABLE; Schema: public; Owner: postgres
--

CREATE TABLE public.auth_user (
    id integer NOT NULL,
    password character varying(128) NOT NULL,
    last_login timestamp with time zone,
    is_superuser boolean NOT NULL,
    username character varying(150) NOT NULL,
    first_name character varying(150) NOT NULL,
    last_name character varying(150) NOT NULL,
    email character varying(254) NOT NULL,
    is_staff boolean NOT NULL,
    is_active boolean NOT NULL,
    date_joined timestamp with time zone NOT NULL
);


ALTER TABLE public.auth_user OWNER TO postgres;

--
-- TOC entry 222 (class 1259 OID 43319)
-- Name: auth_user_groups; Type: TABLE; Schema: public; Owner: postgres
--

CREATE TABLE public.auth_user_groups (
    id bigint NOT NULL,
    user_id integer NOT NULL,
    group_id integer NOT NULL
);


ALTER TABLE public.auth_user_groups OWNER TO postgres;

--
-- TOC entry 221 (class 1259 OID 43318)
-- Name: auth_user_groups_id_seq; Type: SEQUENCE; Schema: public; Owner: postgres
--

ALTER TABLE public.auth_user_groups ALTER COLUMN id ADD GENERATED BY DEFAULT AS IDENTITY (
    SEQUENCE NAME public.auth_user_groups_id_seq
    START WITH 1
    INCREMENT BY 1
    NO MINVALUE
    NO MAXVALUE
    CACHE 1
);


--
-- TOC entry 219 (class 1259 OID 43310)
-- Name: auth_user_id_seq; Type: SEQUENCE; Schema: public; Owner: postgres
--

ALTER TABLE public.auth_user ALTER COLUMN id ADD GENERATED BY DEFAULT AS IDENTITY (
    SEQUENCE NAME public.auth_user_id_seq
    START WITH 1
    INCREMENT BY 1
    NO MINVALUE
    NO MAXVALUE
    CACHE 1
);


--
-- TOC entry 224 (class 1259 OID 43325)
-- Name: auth_user_user_permissions; Type: TABLE; Schema: public; Owner: postgres
--

CREATE TABLE public.auth_user_user_permissions (
    id bigint NOT NULL,
    user_id integer NOT NULL,
    permission_id integer NOT NULL
);


ALTER TABLE public.auth_user_user_permissions OWNER TO postgres;

--
-- TOC entry 223 (class 1259 OID 43324)
-- Name: auth_user_user_permissions_id_seq; Type: SEQUENCE; Schema: public; Owner: postgres
--

ALTER TABLE public.auth_user_user_permissions ALTER COLUMN id ADD GENERATED BY DEFAULT AS IDENTITY (
    SEQUENCE NAME public.auth_user_user_permissions_id_seq
    START WITH 1
    INCREMENT BY 1
    NO MINVALUE
    NO MAXVALUE
    CACHE 1
);


--
-- TOC entry 226 (class 1259 OID 43383)
-- Name: django_admin_log; Type: TABLE; Schema: public; Owner: postgres
--

CREATE TABLE public.django_admin_log (
    id integer NOT NULL,
    action_time timestamp with time zone NOT NULL,
    object_id text,
    object_repr character varying(200) NOT NULL,
    action_flag smallint NOT NULL,
    change_message text NOT NULL,
    content_type_id integer,
    user_id integer NOT NULL,
    CONSTRAINT django_admin_log_action_flag_check CHECK ((action_flag >= 0))
);


ALTER TABLE public.django_admin_log OWNER TO postgres;

--
-- TOC entry 225 (class 1259 OID 43382)
-- Name: django_admin_log_id_seq; Type: SEQUENCE; Schema: public; Owner: postgres
--

ALTER TABLE public.django_admin_log ALTER COLUMN id ADD GENERATED BY DEFAULT AS IDENTITY (
    SEQUENCE NAME public.django_admin_log_id_seq
    START WITH 1
    INCREMENT BY 1
    NO MINVALUE
    NO MAXVALUE
    CACHE 1
);


--
-- TOC entry 212 (class 1259 OID 43283)
-- Name: django_content_type; Type: TABLE; Schema: public; Owner: postgres
--

CREATE TABLE public.django_content_type (
    id integer NOT NULL,
    app_label character varying(100) NOT NULL,
    model character varying(100) NOT NULL
);


ALTER TABLE public.django_content_type OWNER TO postgres;

--
-- TOC entry 211 (class 1259 OID 43282)
-- Name: django_content_type_id_seq; Type: SEQUENCE; Schema: public; Owner: postgres
--

ALTER TABLE public.django_content_type ALTER COLUMN id ADD GENERATED BY DEFAULT AS IDENTITY (
    SEQUENCE NAME public.django_content_type_id_seq
    START WITH 1
    INCREMENT BY 1
    NO MINVALUE
    NO MAXVALUE
    CACHE 1
);


--
-- TOC entry 210 (class 1259 OID 43275)
-- Name: django_migrations; Type: TABLE; Schema: public; Owner: postgres
--

CREATE TABLE public.django_migrations (
    id bigint NOT NULL,
    app character varying(255) NOT NULL,
    name character varying(255) NOT NULL,
    applied timestamp with time zone NOT NULL
);


ALTER TABLE public.django_migrations OWNER TO postgres;

--
-- TOC entry 209 (class 1259 OID 43274)
-- Name: django_migrations_id_seq; Type: SEQUENCE; Schema: public; Owner: postgres
--

ALTER TABLE public.django_migrations ALTER COLUMN id ADD GENERATED BY DEFAULT AS IDENTITY (
    SEQUENCE NAME public.django_migrations_id_seq
    START WITH 1
    INCREMENT BY 1
    NO MINVALUE
    NO MAXVALUE
    CACHE 1
);


--
-- TOC entry 243 (class 1259 OID 43501)
-- Name: django_session; Type: TABLE; Schema: public; Owner: postgres
--

CREATE TABLE public.django_session (
    session_key character varying(40) NOT NULL,
    session_data text NOT NULL,
    expire_date timestamp with time zone NOT NULL
);


ALTER TABLE public.django_session OWNER TO postgres;

--
-- TOC entry 242 (class 1259 OID 43454)
-- Name: scip_arrive; Type: TABLE; Schema: public; Owner: postgres
--

CREATE TABLE public.scip_arrive (
    id bigint NOT NULL,
    "time" timestamp with time zone NOT NULL,
    vehicle_id bigint NOT NULL
);


ALTER TABLE public.scip_arrive OWNER TO postgres;

--
-- TOC entry 241 (class 1259 OID 43453)
-- Name: scip_arrive_id_seq; Type: SEQUENCE; Schema: public; Owner: postgres
--

ALTER TABLE public.scip_arrive ALTER COLUMN id ADD GENERATED BY DEFAULT AS IDENTITY (
    SEQUENCE NAME public.scip_arrive_id_seq
    START WITH 1
    INCREMENT BY 1
    NO MINVALUE
    NO MAXVALUE
    CACHE 1
);


--
-- TOC entry 240 (class 1259 OID 43448)
-- Name: scip_departure; Type: TABLE; Schema: public; Owner: postgres
--

CREATE TABLE public.scip_departure (
    id bigint NOT NULL,
    "time" timestamp with time zone NOT NULL,
    vehicle_id bigint NOT NULL
);


ALTER TABLE public.scip_departure OWNER TO postgres;

--
-- TOC entry 239 (class 1259 OID 43447)
-- Name: scip_departure_id_seq; Type: SEQUENCE; Schema: public; Owner: postgres
--

ALTER TABLE public.scip_departure ALTER COLUMN id ADD GENERATED BY DEFAULT AS IDENTITY (
    SEQUENCE NAME public.scip_departure_id_seq
    START WITH 1
    INCREMENT BY 1
    NO MINVALUE
    NO MAXVALUE
    CACHE 1
);


--
-- TOC entry 228 (class 1259 OID 43412)
-- Name: scip_owner; Type: TABLE; Schema: public; Owner: postgres
--

CREATE TABLE public.scip_owner (
    id bigint NOT NULL,
    name character varying(20) NOT NULL,
    middle_name character varying(20),
    surname character varying(40) NOT NULL,
    tel character varying(12) NOT NULL,
    email character varying(254) NOT NULL,
    info character varying(100)
);


ALTER TABLE public.scip_owner OWNER TO postgres;

--
-- TOC entry 227 (class 1259 OID 43411)
-- Name: scip_owner_id_seq; Type: SEQUENCE; Schema: public; Owner: postgres
--

ALTER TABLE public.scip_owner ALTER COLUMN id ADD GENERATED BY DEFAULT AS IDENTITY (
    SEQUENCE NAME public.scip_owner_id_seq
    START WITH 1
    INCREMENT BY 1
    NO MINVALUE
    NO MAXVALUE
    CACHE 1
);


--
-- TOC entry 238 (class 1259 OID 43442)
-- Name: scip_vehicle; Type: TABLE; Schema: public; Owner: postgres
--

CREATE TABLE public.scip_vehicle (
    id bigint NOT NULL,
    number character varying(9) NOT NULL,
    info character varying(100) NOT NULL,
    in_parking boolean NOT NULL,
    color_id bigint NOT NULL,
    model_name_id bigint NOT NULL,
    owner_id bigint NOT NULL,
    status_id bigint NOT NULL,
    type_id bigint NOT NULL
);


ALTER TABLE public.scip_vehicle OWNER TO postgres;

--
-- TOC entry 237 (class 1259 OID 43441)
-- Name: scip_vehicle_id_seq; Type: SEQUENCE; Schema: public; Owner: postgres
--

ALTER TABLE public.scip_vehicle ALTER COLUMN id ADD GENERATED BY DEFAULT AS IDENTITY (
    SEQUENCE NAME public.scip_vehicle_id_seq
    START WITH 1
    INCREMENT BY 1
    NO MINVALUE
    NO MAXVALUE
    CACHE 1
);


--
-- TOC entry 230 (class 1259 OID 43418)
-- Name: scip_vehiclecolor; Type: TABLE; Schema: public; Owner: postgres
--

CREATE TABLE public.scip_vehiclecolor (
    id bigint NOT NULL,
    color1 character varying(20) NOT NULL,
    info character varying(100) NOT NULL
);


ALTER TABLE public.scip_vehiclecolor OWNER TO postgres;

--
-- TOC entry 229 (class 1259 OID 43417)
-- Name: scip_vehiclecolor_id_seq; Type: SEQUENCE; Schema: public; Owner: postgres
--

ALTER TABLE public.scip_vehiclecolor ALTER COLUMN id ADD GENERATED BY DEFAULT AS IDENTITY (
    SEQUENCE NAME public.scip_vehiclecolor_id_seq
    START WITH 1
    INCREMENT BY 1
    NO MINVALUE
    NO MAXVALUE
    CACHE 1
);


--
-- TOC entry 232 (class 1259 OID 43424)
-- Name: scip_vehiclemodelname; Type: TABLE; Schema: public; Owner: postgres
--

CREATE TABLE public.scip_vehiclemodelname (
    id bigint NOT NULL,
    model_name character varying(40) NOT NULL,
    info character varying(100) NOT NULL
);


ALTER TABLE public.scip_vehiclemodelname OWNER TO postgres;

--
-- TOC entry 231 (class 1259 OID 43423)
-- Name: scip_vehiclemodelname_id_seq; Type: SEQUENCE; Schema: public; Owner: postgres
--

ALTER TABLE public.scip_vehiclemodelname ALTER COLUMN id ADD GENERATED BY DEFAULT AS IDENTITY (
    SEQUENCE NAME public.scip_vehiclemodelname_id_seq
    START WITH 1
    INCREMENT BY 1
    NO MINVALUE
    NO MAXVALUE
    CACHE 1
);


--
-- TOC entry 234 (class 1259 OID 43430)
-- Name: scip_vehiclestatus; Type: TABLE; Schema: public; Owner: postgres
--

CREATE TABLE public.scip_vehiclestatus (
    id bigint NOT NULL,
    status character varying(20) NOT NULL,
    info character varying(100) NOT NULL
);


ALTER TABLE public.scip_vehiclestatus OWNER TO postgres;

--
-- TOC entry 233 (class 1259 OID 43429)
-- Name: scip_vehiclestatus_id_seq; Type: SEQUENCE; Schema: public; Owner: postgres
--

ALTER TABLE public.scip_vehiclestatus ALTER COLUMN id ADD GENERATED BY DEFAULT AS IDENTITY (
    SEQUENCE NAME public.scip_vehiclestatus_id_seq
    START WITH 1
    INCREMENT BY 1
    NO MINVALUE
    NO MAXVALUE
    CACHE 1
);


--
-- TOC entry 236 (class 1259 OID 43436)
-- Name: scip_vehicletypes; Type: TABLE; Schema: public; Owner: postgres
--

CREATE TABLE public.scip_vehicletypes (
    id bigint NOT NULL,
    type_name character varying(10) NOT NULL,
    info character varying(100) NOT NULL
);


ALTER TABLE public.scip_vehicletypes OWNER TO postgres;

--
-- TOC entry 235 (class 1259 OID 43435)
-- Name: scip_vehicletypes_id_seq; Type: SEQUENCE; Schema: public; Owner: postgres
--

ALTER TABLE public.scip_vehicletypes ALTER COLUMN id ADD GENERATED BY DEFAULT AS IDENTITY (
    SEQUENCE NAME public.scip_vehicletypes_id_seq
    START WITH 1
    INCREMENT BY 1
    NO MINVALUE
    NO MAXVALUE
    CACHE 1
);


--
-- TOC entry 3747 (class 0 OID 43297)
-- Dependencies: 216
-- Data for Name: auth_group; Type: TABLE DATA; Schema: public; Owner: postgres
--



--
-- TOC entry 3749 (class 0 OID 43305)
-- Dependencies: 218
-- Data for Name: auth_group_permissions; Type: TABLE DATA; Schema: public; Owner: postgres
--



--
-- TOC entry 3745 (class 0 OID 43291)
-- Dependencies: 214
-- Data for Name: auth_permission; Type: TABLE DATA; Schema: public; Owner: postgres
--

INSERT INTO public.auth_permission VALUES (1, 'Can add log entry', 1, 'add_logentry');
INSERT INTO public.auth_permission VALUES (2, 'Can change log entry', 1, 'change_logentry');
INSERT INTO public.auth_permission VALUES (3, 'Can delete log entry', 1, 'delete_logentry');
INSERT INTO public.auth_permission VALUES (4, 'Can view log entry', 1, 'view_logentry');
INSERT INTO public.auth_permission VALUES (5, 'Can add permission', 2, 'add_permission');
INSERT INTO public.auth_permission VALUES (6, 'Can change permission', 2, 'change_permission');
INSERT INTO public.auth_permission VALUES (7, 'Can delete permission', 2, 'delete_permission');
INSERT INTO public.auth_permission VALUES (8, 'Can view permission', 2, 'view_permission');
INSERT INTO public.auth_permission VALUES (9, 'Can add group', 3, 'add_group');
INSERT INTO public.auth_permission VALUES (10, 'Can change group', 3, 'change_group');
INSERT INTO public.auth_permission VALUES (11, 'Can delete group', 3, 'delete_group');
INSERT INTO public.auth_permission VALUES (12, 'Can view group', 3, 'view_group');
INSERT INTO public.auth_permission VALUES (13, 'Can add user', 4, 'add_user');
INSERT INTO public.auth_permission VALUES (14, 'Can change user', 4, 'change_user');
INSERT INTO public.auth_permission VALUES (15, 'Can delete user', 4, 'delete_user');
INSERT INTO public.auth_permission VALUES (16, 'Can view user', 4, 'view_user');
INSERT INTO public.auth_permission VALUES (17, 'Can add content type', 5, 'add_contenttype');
INSERT INTO public.auth_permission VALUES (18, 'Can change content type', 5, 'change_contenttype');
INSERT INTO public.auth_permission VALUES (19, 'Can delete content type', 5, 'delete_contenttype');
INSERT INTO public.auth_permission VALUES (20, 'Can view content type', 5, 'view_contenttype');
INSERT INTO public.auth_permission VALUES (21, 'Can add session', 6, 'add_session');
INSERT INTO public.auth_permission VALUES (22, 'Can change session', 6, 'change_session');
INSERT INTO public.auth_permission VALUES (23, 'Can delete session', 6, 'delete_session');
INSERT INTO public.auth_permission VALUES (24, 'Can view session', 6, 'view_session');
INSERT INTO public.auth_permission VALUES (25, 'Can add owner', 7, 'add_owner');
INSERT INTO public.auth_permission VALUES (26, 'Can change owner', 7, 'change_owner');
INSERT INTO public.auth_permission VALUES (27, 'Can delete owner', 7, 'delete_owner');
INSERT INTO public.auth_permission VALUES (28, 'Can view owner', 7, 'view_owner');
INSERT INTO public.auth_permission VALUES (29, 'Can add vehicle color', 8, 'add_vehiclecolor');
INSERT INTO public.auth_permission VALUES (30, 'Can change vehicle color', 8, 'change_vehiclecolor');
INSERT INTO public.auth_permission VALUES (31, 'Can delete vehicle color', 8, 'delete_vehiclecolor');
INSERT INTO public.auth_permission VALUES (32, 'Can view vehicle color', 8, 'view_vehiclecolor');
INSERT INTO public.auth_permission VALUES (33, 'Can add vehicle model name', 9, 'add_vehiclemodelname');
INSERT INTO public.auth_permission VALUES (34, 'Can change vehicle model name', 9, 'change_vehiclemodelname');
INSERT INTO public.auth_permission VALUES (35, 'Can delete vehicle model name', 9, 'delete_vehiclemodelname');
INSERT INTO public.auth_permission VALUES (36, 'Can view vehicle model name', 9, 'view_vehiclemodelname');
INSERT INTO public.auth_permission VALUES (37, 'Can add vehicle status', 10, 'add_vehiclestatus');
INSERT INTO public.auth_permission VALUES (38, 'Can change vehicle status', 10, 'change_vehiclestatus');
INSERT INTO public.auth_permission VALUES (39, 'Can delete vehicle status', 10, 'delete_vehiclestatus');
INSERT INTO public.auth_permission VALUES (40, 'Can view vehicle status', 10, 'view_vehiclestatus');
INSERT INTO public.auth_permission VALUES (41, 'Can add vehicle types', 11, 'add_vehicletypes');
INSERT INTO public.auth_permission VALUES (42, 'Can change vehicle types', 11, 'change_vehicletypes');
INSERT INTO public.auth_permission VALUES (43, 'Can delete vehicle types', 11, 'delete_vehicletypes');
INSERT INTO public.auth_permission VALUES (44, 'Can view vehicle types', 11, 'view_vehicletypes');
INSERT INTO public.auth_permission VALUES (45, 'Can add vehicle', 12, 'add_vehicle');
INSERT INTO public.auth_permission VALUES (46, 'Can change vehicle', 12, 'change_vehicle');
INSERT INTO public.auth_permission VALUES (47, 'Can delete vehicle', 12, 'delete_vehicle');
INSERT INTO public.auth_permission VALUES (48, 'Can view vehicle', 12, 'view_vehicle');
INSERT INTO public.auth_permission VALUES (49, 'Can add departure', 13, 'add_departure');
INSERT INTO public.auth_permission VALUES (50, 'Can change departure', 13, 'change_departure');
INSERT INTO public.auth_permission VALUES (51, 'Can delete departure', 13, 'delete_departure');
INSERT INTO public.auth_permission VALUES (52, 'Can view departure', 13, 'view_departure');
INSERT INTO public.auth_permission VALUES (53, 'Can add arrive', 14, 'add_arrive');
INSERT INTO public.auth_permission VALUES (54, 'Can change arrive', 14, 'change_arrive');
INSERT INTO public.auth_permission VALUES (55, 'Can delete arrive', 14, 'delete_arrive');
INSERT INTO public.auth_permission VALUES (56, 'Can view arrive', 14, 'view_arrive');


--
-- TOC entry 3751 (class 0 OID 43311)
-- Dependencies: 220
-- Data for Name: auth_user; Type: TABLE DATA; Schema: public; Owner: postgres
--

INSERT INTO public.auth_user VALUES (1, 'pbkdf2_sha256$600000$t96I2lJg5cZW24aEyRyL5h$YESwdwo9MlqQoEfpmsu+34xxZZw1Rh0ezppnnTV7kIY=', '2023-07-25 16:46:17.209974+03', true, 'admin', '', '', 'gaydu7@gmail.com', true, true, '2023-07-24 16:10:51.311523+03');


--
-- TOC entry 3753 (class 0 OID 43319)
-- Dependencies: 222
-- Data for Name: auth_user_groups; Type: TABLE DATA; Schema: public; Owner: postgres
--



--
-- TOC entry 3755 (class 0 OID 43325)
-- Dependencies: 224
-- Data for Name: auth_user_user_permissions; Type: TABLE DATA; Schema: public; Owner: postgres
--



--
-- TOC entry 3757 (class 0 OID 43383)
-- Dependencies: 226
-- Data for Name: django_admin_log; Type: TABLE DATA; Schema: public; Owner: postgres
--



--
-- TOC entry 3743 (class 0 OID 43283)
-- Dependencies: 212
-- Data for Name: django_content_type; Type: TABLE DATA; Schema: public; Owner: postgres
--

INSERT INTO public.django_content_type VALUES (1, 'admin', 'logentry');
INSERT INTO public.django_content_type VALUES (2, 'auth', 'permission');
INSERT INTO public.django_content_type VALUES (3, 'auth', 'group');
INSERT INTO public.django_content_type VALUES (4, 'auth', 'user');
INSERT INTO public.django_content_type VALUES (5, 'contenttypes', 'contenttype');
INSERT INTO public.django_content_type VALUES (6, 'sessions', 'session');
INSERT INTO public.django_content_type VALUES (7, 'scip', 'owner');
INSERT INTO public.django_content_type VALUES (8, 'scip', 'vehiclecolor');
INSERT INTO public.django_content_type VALUES (9, 'scip', 'vehiclemodelname');
INSERT INTO public.django_content_type VALUES (10, 'scip', 'vehiclestatus');
INSERT INTO public.django_content_type VALUES (11, 'scip', 'vehicletypes');
INSERT INTO public.django_content_type VALUES (12, 'scip', 'vehicle');
INSERT INTO public.django_content_type VALUES (13, 'scip', 'departure');
INSERT INTO public.django_content_type VALUES (14, 'scip', 'arrive');


--
-- TOC entry 3741 (class 0 OID 43275)
-- Dependencies: 210
-- Data for Name: django_migrations; Type: TABLE DATA; Schema: public; Owner: postgres
--

INSERT INTO public.django_migrations VALUES (1, 'contenttypes', '0001_initial', '2023-07-24 15:49:26.59838+03');
INSERT INTO public.django_migrations VALUES (2, 'auth', '0001_initial', '2023-07-24 15:49:26.652999+03');
INSERT INTO public.django_migrations VALUES (3, 'admin', '0001_initial', '2023-07-24 15:49:26.65966+03');
INSERT INTO public.django_migrations VALUES (4, 'admin', '0002_logentry_remove_auto_add', '2023-07-24 15:49:26.662453+03');
INSERT INTO public.django_migrations VALUES (5, 'admin', '0003_logentry_add_action_flag_choices', '2023-07-24 15:49:26.665155+03');
INSERT INTO public.django_migrations VALUES (6, 'contenttypes', '0002_remove_content_type_name', '2023-07-24 15:49:26.670204+03');
INSERT INTO public.django_migrations VALUES (7, 'auth', '0002_alter_permission_name_max_length', '2023-07-24 15:49:26.673194+03');
INSERT INTO public.django_migrations VALUES (8, 'auth', '0003_alter_user_email_max_length', '2023-07-24 15:49:26.676122+03');
INSERT INTO public.django_migrations VALUES (9, 'auth', '0004_alter_user_username_opts', '2023-07-24 15:49:26.679516+03');
INSERT INTO public.django_migrations VALUES (10, 'auth', '0005_alter_user_last_login_null', '2023-07-24 15:49:26.682393+03');
INSERT INTO public.django_migrations VALUES (11, 'auth', '0006_require_contenttypes_0002', '2023-07-24 15:49:26.683384+03');
INSERT INTO public.django_migrations VALUES (12, 'auth', '0007_alter_validators_add_error_messages', '2023-07-24 15:49:26.686055+03');
INSERT INTO public.django_migrations VALUES (13, 'auth', '0008_alter_user_username_max_length', '2023-07-24 15:49:26.690183+03');
INSERT INTO public.django_migrations VALUES (14, 'auth', '0009_alter_user_last_name_max_length', '2023-07-24 15:49:26.693637+03');
INSERT INTO public.django_migrations VALUES (15, 'auth', '0010_alter_group_name_max_length', '2023-07-24 15:49:26.696908+03');
INSERT INTO public.django_migrations VALUES (16, 'auth', '0011_update_proxy_permissions', '2023-07-24 15:49:26.69963+03');
INSERT INTO public.django_migrations VALUES (17, 'auth', '0012_alter_user_first_name_max_length', '2023-07-24 15:49:26.702716+03');
INSERT INTO public.django_migrations VALUES (18, 'scip', '0001_initial', '2023-07-24 15:49:26.73413+03');
INSERT INTO public.django_migrations VALUES (19, 'sessions', '0001_initial', '2023-07-24 15:49:26.737464+03');
INSERT INTO public.django_migrations VALUES (20, 'scip', '0002_owner_info', '2023-07-24 16:32:32.490985+03');


--
-- TOC entry 3774 (class 0 OID 43501)
-- Dependencies: 243
-- Data for Name: django_session; Type: TABLE DATA; Schema: public; Owner: postgres
--

INSERT INTO public.django_session VALUES ('htvec49gglu0j1vn0u3hb4ezuxh7h4ri', '.eJxVjEEOwiAQAP_C2RCgBYpH776h2WUXqRpISnsy_l1JetDrzGReYoZ9y_PeeJ0XEmehxemXIcQHly7oDuVWZaxlWxeUPZGHbfJaiZ-Xo_0bZGi5bwlHdgoU2RB1Slo7hYHYOnRmQBuMt9ESDn4aeWBlYBp9gsDpG0RF4v0B6FE4Lw:1qOIMj:5r9HsFuOAun4OHSGRn_ZoTjBJnSgNdkjR5J5CujxI4M', '2023-08-08 16:46:17.211139+03');


--
-- TOC entry 3773 (class 0 OID 43454)
-- Dependencies: 242
-- Data for Name: scip_arrive; Type: TABLE DATA; Schema: public; Owner: postgres
--

INSERT INTO public.scip_arrive VALUES (1, '2023-07-24 17:25:06.265681+03', 2);
INSERT INTO public.scip_arrive VALUES (2, '2023-07-24 19:06:11.301223+03', 2);
INSERT INTO public.scip_arrive VALUES (3, '2023-07-25 16:28:02.511103+03', 3);
INSERT INTO public.scip_arrive VALUES (4, '2023-07-25 16:29:21.942136+03', 2);
INSERT INTO public.scip_arrive VALUES (5, '2023-07-25 16:31:42.20146+03', 3);
INSERT INTO public.scip_arrive VALUES (6, '2023-07-25 16:34:22.734953+03', 2);


--
-- TOC entry 3771 (class 0 OID 43448)
-- Dependencies: 240
-- Data for Name: scip_departure; Type: TABLE DATA; Schema: public; Owner: postgres
--

INSERT INTO public.scip_departure VALUES (1, '2023-07-24 17:28:11.921673+03', 3);
INSERT INTO public.scip_departure VALUES (2, '2023-07-25 16:28:21.282002+03', 2);
INSERT INTO public.scip_departure VALUES (3, '2023-07-25 16:29:06.777953+03', 3);
INSERT INTO public.scip_departure VALUES (4, '2023-07-25 16:32:00.507449+03', 2);
INSERT INTO public.scip_departure VALUES (5, '2023-07-25 16:34:04.403735+03', 3);


--
-- TOC entry 3759 (class 0 OID 43412)
-- Dependencies: 228
-- Data for Name: scip_owner; Type: TABLE DATA; Schema: public; Owner: postgres
--

INSERT INTO public.scip_owner VALUES (2, 'Иван', 'Евгеньевич', 'Гайдукевич', '+79119701458', 'gaydu7@gmail.com', 'Собственник парковочного места');
INSERT INTO public.scip_owner VALUES (3, 'Лариса', 'Николаевна', 'Ицкович', '+79119065830', '3000zzz@mail.ru', 'Не живет в доме');
INSERT INTO public.scip_owner VALUES (4, 'Иван', 'Иванович', 'Иванов', '+79119001010', 'i@ivanov.net', '');


--
-- TOC entry 3769 (class 0 OID 43442)
-- Dependencies: 238
-- Data for Name: scip_vehicle; Type: TABLE DATA; Schema: public; Owner: postgres
--

INSERT INTO public.scip_vehicle VALUES (4, 'А777АА777', 'тонирована по кругу', false, 10, 4, 3, 2, 6);
INSERT INTO public.scip_vehicle VALUES (5, 'С001РУ150', '-', false, 1, 7, 4, 3, 6);
INSERT INTO public.scip_vehicle VALUES (3, 'К842АМ48', '', false, 7, 2, 4, 2, 6);
INSERT INTO public.scip_vehicle VALUES (2, 'К447МН198', 'Черная крыша, наклейка на заднем стекле', true, 9, 3, 2, 2, 6);


--
-- TOC entry 3761 (class 0 OID 43418)
-- Dependencies: 230
-- Data for Name: scip_vehiclecolor; Type: TABLE DATA; Schema: public; Owner: postgres
--

INSERT INTO public.scip_vehiclecolor VALUES (1, 'желтый', '1003');
INSERT INTO public.scip_vehiclecolor VALUES (2, 'оранжевый', '2010');
INSERT INTO public.scip_vehiclecolor VALUES (3, 'красный', '3001');
INSERT INTO public.scip_vehiclecolor VALUES (4, 'фиолетовый', '4008');
INSERT INTO public.scip_vehiclecolor VALUES (5, 'синий', '5005');
INSERT INTO public.scip_vehiclecolor VALUES (6, 'зеленый', '6032');
INSERT INTO public.scip_vehiclecolor VALUES (7, 'серый', '7004');
INSERT INTO public.scip_vehiclecolor VALUES (8, 'коричневый', '8002');
INSERT INTO public.scip_vehiclecolor VALUES (9, 'белый', '9003');
INSERT INTO public.scip_vehiclecolor VALUES (10, 'черный', '9004');


--
-- TOC entry 3763 (class 0 OID 43424)
-- Dependencies: 232
-- Data for Name: scip_vehiclemodelname; Type: TABLE DATA; Schema: public; Owner: postgres
--

INSERT INTO public.scip_vehiclemodelname VALUES (1, 'Lada', '-');
INSERT INTO public.scip_vehiclemodelname VALUES (2, 'Nissan', '-');
INSERT INTO public.scip_vehiclemodelname VALUES (3, 'Renault', '-');
INSERT INTO public.scip_vehiclemodelname VALUES (4, 'Mersedes', '-');
INSERT INTO public.scip_vehiclemodelname VALUES (5, 'BMW', '-');
INSERT INTO public.scip_vehiclemodelname VALUES (6, 'Audi', '-');
INSERT INTO public.scip_vehiclemodelname VALUES (7, 'VW', '-');
INSERT INTO public.scip_vehiclemodelname VALUES (8, 'Haval', '-');
INSERT INTO public.scip_vehiclemodelname VALUES (9, 'Chery', '-');
INSERT INTO public.scip_vehiclemodelname VALUES (10, 'Citroen', '-');
INSERT INTO public.scip_vehiclemodelname VALUES (11, 'KAMAZ', '-');
INSERT INTO public.scip_vehiclemodelname VALUES (12, 'GAZ', '-');
INSERT INTO public.scip_vehiclemodelname VALUES (13, 'Man', '-');
INSERT INTO public.scip_vehiclemodelname VALUES (14, 'Scania', '-');
INSERT INTO public.scip_vehiclemodelname VALUES (15, 'VOLGABUS', '-');
INSERT INTO public.scip_vehiclemodelname VALUES (16, 'Honda', '-');
INSERT INTO public.scip_vehiclemodelname VALUES (17, 'Suzuki', '-');
INSERT INTO public.scip_vehiclemodelname VALUES (18, 'Harley Davidson', '-');


--
-- TOC entry 3765 (class 0 OID 43430)
-- Dependencies: 234
-- Data for Name: scip_vehiclestatus; Type: TABLE DATA; Schema: public; Owner: postgres
--

INSERT INTO public.scip_vehiclestatus VALUES (1, 'Не разрешен', 'Разрешен въезд в паркинг');
INSERT INTO public.scip_vehiclestatus VALUES (3, 'ТС не активно', 'ТС не активно');
INSERT INTO public.scip_vehiclestatus VALUES (2, 'Разрешен', 'Не разрешен въезд в паркинг');


--
-- TOC entry 3767 (class 0 OID 43436)
-- Dependencies: 236
-- Data for Name: scip_vehicletypes; Type: TABLE DATA; Schema: public; Owner: postgres
--

INSERT INTO public.scip_vehicletypes VALUES (6, 'Легковой', 'Легковой автомобиль');
INSERT INTO public.scip_vehicletypes VALUES (7, 'Грузовой', 'Грузовой автомобиль');
INSERT INTO public.scip_vehicletypes VALUES (8, 'Автобус', 'Любой автобус');
INSERT INTO public.scip_vehicletypes VALUES (9, 'Мотоцикл', 'Любой мотоцикл');
INSERT INTO public.scip_vehicletypes VALUES (10, 'Спец ТС', 'Тракторы и тд');


--
-- TOC entry 3780 (class 0 OID 0)
-- Dependencies: 215
-- Name: auth_group_id_seq; Type: SEQUENCE SET; Schema: public; Owner: postgres
--

SELECT pg_catalog.setval('public.auth_group_id_seq', 1, false);


--
-- TOC entry 3781 (class 0 OID 0)
-- Dependencies: 217
-- Name: auth_group_permissions_id_seq; Type: SEQUENCE SET; Schema: public; Owner: postgres
--

SELECT pg_catalog.setval('public.auth_group_permissions_id_seq', 1, false);


--
-- TOC entry 3782 (class 0 OID 0)
-- Dependencies: 213
-- Name: auth_permission_id_seq; Type: SEQUENCE SET; Schema: public; Owner: postgres
--

SELECT pg_catalog.setval('public.auth_permission_id_seq', 56, true);


--
-- TOC entry 3783 (class 0 OID 0)
-- Dependencies: 221
-- Name: auth_user_groups_id_seq; Type: SEQUENCE SET; Schema: public; Owner: postgres
--

SELECT pg_catalog.setval('public.auth_user_groups_id_seq', 1, false);


--
-- TOC entry 3784 (class 0 OID 0)
-- Dependencies: 219
-- Name: auth_user_id_seq; Type: SEQUENCE SET; Schema: public; Owner: postgres
--

SELECT pg_catalog.setval('public.auth_user_id_seq', 1, true);


--
-- TOC entry 3785 (class 0 OID 0)
-- Dependencies: 223
-- Name: auth_user_user_permissions_id_seq; Type: SEQUENCE SET; Schema: public; Owner: postgres
--

SELECT pg_catalog.setval('public.auth_user_user_permissions_id_seq', 1, false);


--
-- TOC entry 3786 (class 0 OID 0)
-- Dependencies: 225
-- Name: django_admin_log_id_seq; Type: SEQUENCE SET; Schema: public; Owner: postgres
--

SELECT pg_catalog.setval('public.django_admin_log_id_seq', 1, false);


--
-- TOC entry 3787 (class 0 OID 0)
-- Dependencies: 211
-- Name: django_content_type_id_seq; Type: SEQUENCE SET; Schema: public; Owner: postgres
--

SELECT pg_catalog.setval('public.django_content_type_id_seq', 14, true);


--
-- TOC entry 3788 (class 0 OID 0)
-- Dependencies: 209
-- Name: django_migrations_id_seq; Type: SEQUENCE SET; Schema: public; Owner: postgres
--

SELECT pg_catalog.setval('public.django_migrations_id_seq', 20, true);


--
-- TOC entry 3789 (class 0 OID 0)
-- Dependencies: 241
-- Name: scip_arrive_id_seq; Type: SEQUENCE SET; Schema: public; Owner: postgres
--

SELECT pg_catalog.setval('public.scip_arrive_id_seq', 6, true);


--
-- TOC entry 3790 (class 0 OID 0)
-- Dependencies: 239
-- Name: scip_departure_id_seq; Type: SEQUENCE SET; Schema: public; Owner: postgres
--

SELECT pg_catalog.setval('public.scip_departure_id_seq', 5, true);


--
-- TOC entry 3791 (class 0 OID 0)
-- Dependencies: 227
-- Name: scip_owner_id_seq; Type: SEQUENCE SET; Schema: public; Owner: postgres
--

SELECT pg_catalog.setval('public.scip_owner_id_seq', 4, true);


--
-- TOC entry 3792 (class 0 OID 0)
-- Dependencies: 237
-- Name: scip_vehicle_id_seq; Type: SEQUENCE SET; Schema: public; Owner: postgres
--

SELECT pg_catalog.setval('public.scip_vehicle_id_seq', 5, true);


--
-- TOC entry 3793 (class 0 OID 0)
-- Dependencies: 229
-- Name: scip_vehiclecolor_id_seq; Type: SEQUENCE SET; Schema: public; Owner: postgres
--

SELECT pg_catalog.setval('public.scip_vehiclecolor_id_seq', 10, true);


--
-- TOC entry 3794 (class 0 OID 0)
-- Dependencies: 231
-- Name: scip_vehiclemodelname_id_seq; Type: SEQUENCE SET; Schema: public; Owner: postgres
--

SELECT pg_catalog.setval('public.scip_vehiclemodelname_id_seq', 18, true);


--
-- TOC entry 3795 (class 0 OID 0)
-- Dependencies: 233
-- Name: scip_vehiclestatus_id_seq; Type: SEQUENCE SET; Schema: public; Owner: postgres
--

SELECT pg_catalog.setval('public.scip_vehiclestatus_id_seq', 3, true);


--
-- TOC entry 3796 (class 0 OID 0)
-- Dependencies: 235
-- Name: scip_vehicletypes_id_seq; Type: SEQUENCE SET; Schema: public; Owner: postgres
--

SELECT pg_catalog.setval('public.scip_vehicletypes_id_seq', 10, true);


--
-- TOC entry 3528 (class 2606 OID 43409)
-- Name: auth_group auth_group_name_key; Type: CONSTRAINT; Schema: public; Owner: postgres
--

ALTER TABLE ONLY public.auth_group
    ADD CONSTRAINT auth_group_name_key UNIQUE (name);


--
-- TOC entry 3533 (class 2606 OID 43340)
-- Name: auth_group_permissions auth_group_permissions_group_id_permission_id_0cd325b0_uniq; Type: CONSTRAINT; Schema: public; Owner: postgres
--

ALTER TABLE ONLY public.auth_group_permissions
    ADD CONSTRAINT auth_group_permissions_group_id_permission_id_0cd325b0_uniq UNIQUE (group_id, permission_id);


--
-- TOC entry 3536 (class 2606 OID 43309)
-- Name: auth_group_permissions auth_group_permissions_pkey; Type: CONSTRAINT; Schema: public; Owner: postgres
--

ALTER TABLE ONLY public.auth_group_permissions
    ADD CONSTRAINT auth_group_permissions_pkey PRIMARY KEY (id);


--
-- TOC entry 3530 (class 2606 OID 43301)
-- Name: auth_group auth_group_pkey; Type: CONSTRAINT; Schema: public; Owner: postgres
--

ALTER TABLE ONLY public.auth_group
    ADD CONSTRAINT auth_group_pkey PRIMARY KEY (id);


--
-- TOC entry 3523 (class 2606 OID 43331)
-- Name: auth_permission auth_permission_content_type_id_codename_01ab375a_uniq; Type: CONSTRAINT; Schema: public; Owner: postgres
--

ALTER TABLE ONLY public.auth_permission
    ADD CONSTRAINT auth_permission_content_type_id_codename_01ab375a_uniq UNIQUE (content_type_id, codename);


--
-- TOC entry 3525 (class 2606 OID 43295)
-- Name: auth_permission auth_permission_pkey; Type: CONSTRAINT; Schema: public; Owner: postgres
--

ALTER TABLE ONLY public.auth_permission
    ADD CONSTRAINT auth_permission_pkey PRIMARY KEY (id);


--
-- TOC entry 3544 (class 2606 OID 43323)
-- Name: auth_user_groups auth_user_groups_pkey; Type: CONSTRAINT; Schema: public; Owner: postgres
--

ALTER TABLE ONLY public.auth_user_groups
    ADD CONSTRAINT auth_user_groups_pkey PRIMARY KEY (id);


--
-- TOC entry 3547 (class 2606 OID 43355)
-- Name: auth_user_groups auth_user_groups_user_id_group_id_94350c0c_uniq; Type: CONSTRAINT; Schema: public; Owner: postgres
--

ALTER TABLE ONLY public.auth_user_groups
    ADD CONSTRAINT auth_user_groups_user_id_group_id_94350c0c_uniq UNIQUE (user_id, group_id);


--
-- TOC entry 3538 (class 2606 OID 43315)
-- Name: auth_user auth_user_pkey; Type: CONSTRAINT; Schema: public; Owner: postgres
--

ALTER TABLE ONLY public.auth_user
    ADD CONSTRAINT auth_user_pkey PRIMARY KEY (id);


--
-- TOC entry 3550 (class 2606 OID 43329)
-- Name: auth_user_user_permissions auth_user_user_permissions_pkey; Type: CONSTRAINT; Schema: public; Owner: postgres
--

ALTER TABLE ONLY public.auth_user_user_permissions
    ADD CONSTRAINT auth_user_user_permissions_pkey PRIMARY KEY (id);


--
-- TOC entry 3553 (class 2606 OID 43369)
-- Name: auth_user_user_permissions auth_user_user_permissions_user_id_permission_id_14a6b632_uniq; Type: CONSTRAINT; Schema: public; Owner: postgres
--

ALTER TABLE ONLY public.auth_user_user_permissions
    ADD CONSTRAINT auth_user_user_permissions_user_id_permission_id_14a6b632_uniq UNIQUE (user_id, permission_id);


--
-- TOC entry 3541 (class 2606 OID 43404)
-- Name: auth_user auth_user_username_key; Type: CONSTRAINT; Schema: public; Owner: postgres
--

ALTER TABLE ONLY public.auth_user
    ADD CONSTRAINT auth_user_username_key UNIQUE (username);


--
-- TOC entry 3556 (class 2606 OID 43390)
-- Name: django_admin_log django_admin_log_pkey; Type: CONSTRAINT; Schema: public; Owner: postgres
--

ALTER TABLE ONLY public.django_admin_log
    ADD CONSTRAINT django_admin_log_pkey PRIMARY KEY (id);


--
-- TOC entry 3518 (class 2606 OID 43289)
-- Name: django_content_type django_content_type_app_label_model_76bd3d3b_uniq; Type: CONSTRAINT; Schema: public; Owner: postgres
--

ALTER TABLE ONLY public.django_content_type
    ADD CONSTRAINT django_content_type_app_label_model_76bd3d3b_uniq UNIQUE (app_label, model);


--
-- TOC entry 3520 (class 2606 OID 43287)
-- Name: django_content_type django_content_type_pkey; Type: CONSTRAINT; Schema: public; Owner: postgres
--

ALTER TABLE ONLY public.django_content_type
    ADD CONSTRAINT django_content_type_pkey PRIMARY KEY (id);


--
-- TOC entry 3516 (class 2606 OID 43281)
-- Name: django_migrations django_migrations_pkey; Type: CONSTRAINT; Schema: public; Owner: postgres
--

ALTER TABLE ONLY public.django_migrations
    ADD CONSTRAINT django_migrations_pkey PRIMARY KEY (id);


--
-- TOC entry 3583 (class 2606 OID 43507)
-- Name: django_session django_session_pkey; Type: CONSTRAINT; Schema: public; Owner: postgres
--

ALTER TABLE ONLY public.django_session
    ADD CONSTRAINT django_session_pkey PRIMARY KEY (session_key);


--
-- TOC entry 3579 (class 2606 OID 43458)
-- Name: scip_arrive scip_arrive_pkey; Type: CONSTRAINT; Schema: public; Owner: postgres
--

ALTER TABLE ONLY public.scip_arrive
    ADD CONSTRAINT scip_arrive_pkey PRIMARY KEY (id);


--
-- TOC entry 3576 (class 2606 OID 43452)
-- Name: scip_departure scip_departure_pkey; Type: CONSTRAINT; Schema: public; Owner: postgres
--

ALTER TABLE ONLY public.scip_departure
    ADD CONSTRAINT scip_departure_pkey PRIMARY KEY (id);


--
-- TOC entry 3559 (class 2606 OID 43416)
-- Name: scip_owner scip_owner_pkey; Type: CONSTRAINT; Schema: public; Owner: postgres
--

ALTER TABLE ONLY public.scip_owner
    ADD CONSTRAINT scip_owner_pkey PRIMARY KEY (id);


--
-- TOC entry 3572 (class 2606 OID 43446)
-- Name: scip_vehicle scip_vehicle_pkey; Type: CONSTRAINT; Schema: public; Owner: postgres
--

ALTER TABLE ONLY public.scip_vehicle
    ADD CONSTRAINT scip_vehicle_pkey PRIMARY KEY (id);


--
-- TOC entry 3561 (class 2606 OID 43422)
-- Name: scip_vehiclecolor scip_vehiclecolor_pkey; Type: CONSTRAINT; Schema: public; Owner: postgres
--

ALTER TABLE ONLY public.scip_vehiclecolor
    ADD CONSTRAINT scip_vehiclecolor_pkey PRIMARY KEY (id);


--
-- TOC entry 3563 (class 2606 OID 43428)
-- Name: scip_vehiclemodelname scip_vehiclemodelname_pkey; Type: CONSTRAINT; Schema: public; Owner: postgres
--

ALTER TABLE ONLY public.scip_vehiclemodelname
    ADD CONSTRAINT scip_vehiclemodelname_pkey PRIMARY KEY (id);


--
-- TOC entry 3565 (class 2606 OID 43434)
-- Name: scip_vehiclestatus scip_vehiclestatus_pkey; Type: CONSTRAINT; Schema: public; Owner: postgres
--

ALTER TABLE ONLY public.scip_vehiclestatus
    ADD CONSTRAINT scip_vehiclestatus_pkey PRIMARY KEY (id);


--
-- TOC entry 3567 (class 2606 OID 43440)
-- Name: scip_vehicletypes scip_vehicletypes_pkey; Type: CONSTRAINT; Schema: public; Owner: postgres
--

ALTER TABLE ONLY public.scip_vehicletypes
    ADD CONSTRAINT scip_vehicletypes_pkey PRIMARY KEY (id);


--
-- TOC entry 3526 (class 1259 OID 43410)
-- Name: auth_group_name_a6ea08ec_like; Type: INDEX; Schema: public; Owner: postgres
--

CREATE INDEX auth_group_name_a6ea08ec_like ON public.auth_group USING btree (name varchar_pattern_ops);


--
-- TOC entry 3531 (class 1259 OID 43351)
-- Name: auth_group_permissions_group_id_b120cbf9; Type: INDEX; Schema: public; Owner: postgres
--

CREATE INDEX auth_group_permissions_group_id_b120cbf9 ON public.auth_group_permissions USING btree (group_id);


--
-- TOC entry 3534 (class 1259 OID 43352)
-- Name: auth_group_permissions_permission_id_84c5c92e; Type: INDEX; Schema: public; Owner: postgres
--

CREATE INDEX auth_group_permissions_permission_id_84c5c92e ON public.auth_group_permissions USING btree (permission_id);


--
-- TOC entry 3521 (class 1259 OID 43337)
-- Name: auth_permission_content_type_id_2f476e4b; Type: INDEX; Schema: public; Owner: postgres
--

CREATE INDEX auth_permission_content_type_id_2f476e4b ON public.auth_permission USING btree (content_type_id);


--
-- TOC entry 3542 (class 1259 OID 43367)
-- Name: auth_user_groups_group_id_97559544; Type: INDEX; Schema: public; Owner: postgres
--

CREATE INDEX auth_user_groups_group_id_97559544 ON public.auth_user_groups USING btree (group_id);


--
-- TOC entry 3545 (class 1259 OID 43366)
-- Name: auth_user_groups_user_id_6a12ed8b; Type: INDEX; Schema: public; Owner: postgres
--

CREATE INDEX auth_user_groups_user_id_6a12ed8b ON public.auth_user_groups USING btree (user_id);


--
-- TOC entry 3548 (class 1259 OID 43381)
-- Name: auth_user_user_permissions_permission_id_1fbb5f2c; Type: INDEX; Schema: public; Owner: postgres
--

CREATE INDEX auth_user_user_permissions_permission_id_1fbb5f2c ON public.auth_user_user_permissions USING btree (permission_id);


--
-- TOC entry 3551 (class 1259 OID 43380)
-- Name: auth_user_user_permissions_user_id_a95ead1b; Type: INDEX; Schema: public; Owner: postgres
--

CREATE INDEX auth_user_user_permissions_user_id_a95ead1b ON public.auth_user_user_permissions USING btree (user_id);


--
-- TOC entry 3539 (class 1259 OID 43405)
-- Name: auth_user_username_6821ab7c_like; Type: INDEX; Schema: public; Owner: postgres
--

CREATE INDEX auth_user_username_6821ab7c_like ON public.auth_user USING btree (username varchar_pattern_ops);


--
-- TOC entry 3554 (class 1259 OID 43401)
-- Name: django_admin_log_content_type_id_c4bce8eb; Type: INDEX; Schema: public; Owner: postgres
--

CREATE INDEX django_admin_log_content_type_id_c4bce8eb ON public.django_admin_log USING btree (content_type_id);


--
-- TOC entry 3557 (class 1259 OID 43402)
-- Name: django_admin_log_user_id_c564eba6; Type: INDEX; Schema: public; Owner: postgres
--

CREATE INDEX django_admin_log_user_id_c564eba6 ON public.django_admin_log USING btree (user_id);


--
-- TOC entry 3581 (class 1259 OID 43509)
-- Name: django_session_expire_date_a5c62663; Type: INDEX; Schema: public; Owner: postgres
--

CREATE INDEX django_session_expire_date_a5c62663 ON public.django_session USING btree (expire_date);


--
-- TOC entry 3584 (class 1259 OID 43508)
-- Name: django_session_session_key_c0390e0f_like; Type: INDEX; Schema: public; Owner: postgres
--

CREATE INDEX django_session_session_key_c0390e0f_like ON public.django_session USING btree (session_key varchar_pattern_ops);


--
-- TOC entry 3580 (class 1259 OID 43500)
-- Name: scip_arrive_vehicle_id_2d8b5c35; Type: INDEX; Schema: public; Owner: postgres
--

CREATE INDEX scip_arrive_vehicle_id_2d8b5c35 ON public.scip_arrive USING btree (vehicle_id);


--
-- TOC entry 3577 (class 1259 OID 43494)
-- Name: scip_departure_vehicle_id_a9333f84; Type: INDEX; Schema: public; Owner: postgres
--

CREATE INDEX scip_departure_vehicle_id_a9333f84 ON public.scip_departure USING btree (vehicle_id);


--
-- TOC entry 3568 (class 1259 OID 43484)
-- Name: scip_vehicle_color_id_2ae6084d; Type: INDEX; Schema: public; Owner: postgres
--

CREATE INDEX scip_vehicle_color_id_2ae6084d ON public.scip_vehicle USING btree (color_id);


--
-- TOC entry 3569 (class 1259 OID 43485)
-- Name: scip_vehicle_model_name_id_ae90397e; Type: INDEX; Schema: public; Owner: postgres
--

CREATE INDEX scip_vehicle_model_name_id_ae90397e ON public.scip_vehicle USING btree (model_name_id);


--
-- TOC entry 3570 (class 1259 OID 43486)
-- Name: scip_vehicle_owner_id_6fb4f534; Type: INDEX; Schema: public; Owner: postgres
--

CREATE INDEX scip_vehicle_owner_id_6fb4f534 ON public.scip_vehicle USING btree (owner_id);


--
-- TOC entry 3573 (class 1259 OID 43487)
-- Name: scip_vehicle_status_id_4e41ade4; Type: INDEX; Schema: public; Owner: postgres
--

CREATE INDEX scip_vehicle_status_id_4e41ade4 ON public.scip_vehicle USING btree (status_id);


--
-- TOC entry 3574 (class 1259 OID 43488)
-- Name: scip_vehicle_type_id_076f2b6f; Type: INDEX; Schema: public; Owner: postgres
--

CREATE INDEX scip_vehicle_type_id_076f2b6f ON public.scip_vehicle USING btree (type_id);


--
-- TOC entry 3587 (class 2606 OID 43346)
-- Name: auth_group_permissions auth_group_permissio_permission_id_84c5c92e_fk_auth_perm; Type: FK CONSTRAINT; Schema: public; Owner: postgres
--

ALTER TABLE ONLY public.auth_group_permissions
    ADD CONSTRAINT auth_group_permissio_permission_id_84c5c92e_fk_auth_perm FOREIGN KEY (permission_id) REFERENCES public.auth_permission(id) DEFERRABLE INITIALLY DEFERRED;


--
-- TOC entry 3586 (class 2606 OID 43341)
-- Name: auth_group_permissions auth_group_permissions_group_id_b120cbf9_fk_auth_group_id; Type: FK CONSTRAINT; Schema: public; Owner: postgres
--

ALTER TABLE ONLY public.auth_group_permissions
    ADD CONSTRAINT auth_group_permissions_group_id_b120cbf9_fk_auth_group_id FOREIGN KEY (group_id) REFERENCES public.auth_group(id) DEFERRABLE INITIALLY DEFERRED;


--
-- TOC entry 3585 (class 2606 OID 43332)
-- Name: auth_permission auth_permission_content_type_id_2f476e4b_fk_django_co; Type: FK CONSTRAINT; Schema: public; Owner: postgres
--

ALTER TABLE ONLY public.auth_permission
    ADD CONSTRAINT auth_permission_content_type_id_2f476e4b_fk_django_co FOREIGN KEY (content_type_id) REFERENCES public.django_content_type(id) DEFERRABLE INITIALLY DEFERRED;


--
-- TOC entry 3589 (class 2606 OID 43361)
-- Name: auth_user_groups auth_user_groups_group_id_97559544_fk_auth_group_id; Type: FK CONSTRAINT; Schema: public; Owner: postgres
--

ALTER TABLE ONLY public.auth_user_groups
    ADD CONSTRAINT auth_user_groups_group_id_97559544_fk_auth_group_id FOREIGN KEY (group_id) REFERENCES public.auth_group(id) DEFERRABLE INITIALLY DEFERRED;


--
-- TOC entry 3588 (class 2606 OID 43356)
-- Name: auth_user_groups auth_user_groups_user_id_6a12ed8b_fk_auth_user_id; Type: FK CONSTRAINT; Schema: public; Owner: postgres
--

ALTER TABLE ONLY public.auth_user_groups
    ADD CONSTRAINT auth_user_groups_user_id_6a12ed8b_fk_auth_user_id FOREIGN KEY (user_id) REFERENCES public.auth_user(id) DEFERRABLE INITIALLY DEFERRED;


--
-- TOC entry 3591 (class 2606 OID 43375)
-- Name: auth_user_user_permissions auth_user_user_permi_permission_id_1fbb5f2c_fk_auth_perm; Type: FK CONSTRAINT; Schema: public; Owner: postgres
--

ALTER TABLE ONLY public.auth_user_user_permissions
    ADD CONSTRAINT auth_user_user_permi_permission_id_1fbb5f2c_fk_auth_perm FOREIGN KEY (permission_id) REFERENCES public.auth_permission(id) DEFERRABLE INITIALLY DEFERRED;


--
-- TOC entry 3590 (class 2606 OID 43370)
-- Name: auth_user_user_permissions auth_user_user_permissions_user_id_a95ead1b_fk_auth_user_id; Type: FK CONSTRAINT; Schema: public; Owner: postgres
--

ALTER TABLE ONLY public.auth_user_user_permissions
    ADD CONSTRAINT auth_user_user_permissions_user_id_a95ead1b_fk_auth_user_id FOREIGN KEY (user_id) REFERENCES public.auth_user(id) DEFERRABLE INITIALLY DEFERRED;


--
-- TOC entry 3592 (class 2606 OID 43391)
-- Name: django_admin_log django_admin_log_content_type_id_c4bce8eb_fk_django_co; Type: FK CONSTRAINT; Schema: public; Owner: postgres
--

ALTER TABLE ONLY public.django_admin_log
    ADD CONSTRAINT django_admin_log_content_type_id_c4bce8eb_fk_django_co FOREIGN KEY (content_type_id) REFERENCES public.django_content_type(id) DEFERRABLE INITIALLY DEFERRED;


--
-- TOC entry 3593 (class 2606 OID 43396)
-- Name: django_admin_log django_admin_log_user_id_c564eba6_fk_auth_user_id; Type: FK CONSTRAINT; Schema: public; Owner: postgres
--

ALTER TABLE ONLY public.django_admin_log
    ADD CONSTRAINT django_admin_log_user_id_c564eba6_fk_auth_user_id FOREIGN KEY (user_id) REFERENCES public.auth_user(id) DEFERRABLE INITIALLY DEFERRED;


--
-- TOC entry 3600 (class 2606 OID 43495)
-- Name: scip_arrive scip_arrive_vehicle_id_2d8b5c35_fk_scip_vehicle_id; Type: FK CONSTRAINT; Schema: public; Owner: postgres
--

ALTER TABLE ONLY public.scip_arrive
    ADD CONSTRAINT scip_arrive_vehicle_id_2d8b5c35_fk_scip_vehicle_id FOREIGN KEY (vehicle_id) REFERENCES public.scip_vehicle(id) DEFERRABLE INITIALLY DEFERRED;


--
-- TOC entry 3599 (class 2606 OID 43489)
-- Name: scip_departure scip_departure_vehicle_id_a9333f84_fk_scip_vehicle_id; Type: FK CONSTRAINT; Schema: public; Owner: postgres
--

ALTER TABLE ONLY public.scip_departure
    ADD CONSTRAINT scip_departure_vehicle_id_a9333f84_fk_scip_vehicle_id FOREIGN KEY (vehicle_id) REFERENCES public.scip_vehicle(id) DEFERRABLE INITIALLY DEFERRED;


--
-- TOC entry 3595 (class 2606 OID 43459)
-- Name: scip_vehicle scip_vehicle_color_id_2ae6084d_fk_scip_vehiclecolor_id; Type: FK CONSTRAINT; Schema: public; Owner: postgres
--

ALTER TABLE ONLY public.scip_vehicle
    ADD CONSTRAINT scip_vehicle_color_id_2ae6084d_fk_scip_vehiclecolor_id FOREIGN KEY (color_id) REFERENCES public.scip_vehiclecolor(id) DEFERRABLE INITIALLY DEFERRED;


--
-- TOC entry 3596 (class 2606 OID 43464)
-- Name: scip_vehicle scip_vehicle_model_name_id_ae90397e_fk_scip_vehiclemodelname_id; Type: FK CONSTRAINT; Schema: public; Owner: postgres
--

ALTER TABLE ONLY public.scip_vehicle
    ADD CONSTRAINT scip_vehicle_model_name_id_ae90397e_fk_scip_vehiclemodelname_id FOREIGN KEY (model_name_id) REFERENCES public.scip_vehiclemodelname(id) DEFERRABLE INITIALLY DEFERRED;


--
-- TOC entry 3597 (class 2606 OID 43469)
-- Name: scip_vehicle scip_vehicle_owner_id_6fb4f534_fk_scip_owner_id; Type: FK CONSTRAINT; Schema: public; Owner: postgres
--

ALTER TABLE ONLY public.scip_vehicle
    ADD CONSTRAINT scip_vehicle_owner_id_6fb4f534_fk_scip_owner_id FOREIGN KEY (owner_id) REFERENCES public.scip_owner(id) DEFERRABLE INITIALLY DEFERRED;


--
-- TOC entry 3598 (class 2606 OID 43474)
-- Name: scip_vehicle scip_vehicle_status_id_4e41ade4_fk_scip_vehiclestatus_id; Type: FK CONSTRAINT; Schema: public; Owner: postgres
--

ALTER TABLE ONLY public.scip_vehicle
    ADD CONSTRAINT scip_vehicle_status_id_4e41ade4_fk_scip_vehiclestatus_id FOREIGN KEY (status_id) REFERENCES public.scip_vehiclestatus(id) DEFERRABLE INITIALLY DEFERRED;


--
-- TOC entry 3594 (class 2606 OID 43479)
-- Name: scip_vehicle scip_vehicle_type_id_076f2b6f_fk_scip_vehicletypes_id; Type: FK CONSTRAINT; Schema: public; Owner: postgres
--

ALTER TABLE ONLY public.scip_vehicle
    ADD CONSTRAINT scip_vehicle_type_id_076f2b6f_fk_scip_vehicletypes_id FOREIGN KEY (type_id) REFERENCES public.scip_vehicletypes(id) DEFERRABLE INITIALLY DEFERRED;


-- Completed on 2023-07-26 17:10:36 MSK

--
-- PostgreSQL database dump complete
--

